iteration,start_iso,end_iso,exit_code,reason,log,prompt,diff,status_file
1,2026-04-30T00:25:43+02:00,2026-04-30T00:29:13+02:00,0,exit,artifacts/task6/autonight/20260430-002543-task6-codex-night/logs/iter-001.log,artifacts/task6/autonight/20260430-002543-task6-codex-night/prompts/iter-001.md,artifacts/task6/autonight/20260430-002543-task6-codex-night/diffs/iter-001.patch,artifacts/task6/autonight/20260430-002543-task6-codex-night/status/iter-001.status.txt
2,2026-04-30T00:29:33+02:00,2026-04-30T00:34:33+02:00,0,exit,artifacts/task6/autonight/20260430-002543-task6-codex-night/logs/iter-002.log,artifacts/task6/autonight/20260430-002543-task6-codex-night/prompts/iter-002.md,artifacts/task6/autonight/20260430-002543-task6-codex-night/diffs/iter-002.patch,artifacts/task6/autonight/20260430-002543-task6-codex-night/status/iter-002.status.txt
3,2026-04-30T00:44:33+02:00,2026-04-30T00:50:03+02:00,0,exit,artifacts/task6/autonight/20260430-002543-task6-codex-night/logs/iter-003.log,artifacts/task6/autonight/20260430-002543-task6-codex-night/prompts/iter-003.md,artifacts/task6/autonight/20260430-002543-task6-codex-night/diffs/iter-003.patch,artifacts/task6/autonight/20260430-002543-task6-codex-night/status/iter-003.status.txt
4,2026-04-30T01:00:04+02:00,2026-04-30T01:05:04+02:00,0,exit,artifacts/task6/autonight/20260430-002543-task6-codex-night/logs/iter-004.log,artifacts/task6/autonight/20260430-002543-task6-codex-night/prompts/iter-004.md,artifacts/task6/autonight/20260430-002543-task6-codex-night/diffs/iter-004.patch,artifacts/task6/autonight/20260430-002543-task6-codex-night/status/iter-004.status.txt
5,2026-04-30T01:15:04+02:00,2026-04-30T01:20:34+02:00,0,exit,artifacts/task6/autonight/20260430-002543-task6-codex-night/logs/iter-005.log,artifacts/task6/autonight/20260430-002543-task6-codex-night/prompts/iter-005.md,artifacts/task6/autonight/20260430-002543-task6-codex-night/diffs/iter-005.patch,artifacts/task6/autonight/20260430-002543-task6-codex-night/status/iter-005.status.txt
6,2026-04-30T01:30:34+02:00,2026-04-30T01:34:34+02:00,0,exit,artifacts/task6/autonight/20260430-002543-task6-codex-night/logs/iter-006.log,artifacts/task6/autonight/20260430-002543-task6-codex-night/prompts/iter-006.md,artifacts/task6/autonight/20260430-002543-task6-codex-night/diffs/iter-006.patch,artifacts/task6/autonight/20260430-002543-task6-codex-night/status/iter-006.status.txt
7,2026-04-30T01:44:34+02:00,2026-04-30T01:48:04+02:00,0,exit,artifacts/task6/autonight/20260430-002543-task6-codex-night/logs/iter-007.log,artifacts/task6/autonight/20260430-002543-task6-codex-night/prompts/iter-007.md,artifacts/task6/autonight/20260430-002543-task6-codex-night/diffs/iter-007.patch,artifacts/task6/autonight/20260430-002543-task6-codex-night/status/iter-007.status.txt
8,2026-04-30T01:58:04+02:00,2026-04-30T02:02:34+02:00,0,exit,artifacts/task6/autonight/20260430-002543-task6-codex-night/logs/iter-008.log,artifacts/task6/autonight/20260430-002543-task6-codex-night/prompts/iter-008.md,artifacts/task6/autonight/20260430-002543-task6-codex-night/diffs/iter-008.patch,artifacts/task6/autonight/20260430-002543-task6-codex-night/status/iter-008.status.txt
9,2026-04-30T02:12:34+02:00,2026-04-30T02:15:34+02:00,0,exit,artifacts/task6/autonight/20260430-002543-task6-codex-night/logs/iter-009.log,artifacts/task6/autonight/20260430-002543-task6-codex-night/prompts/iter-009.md,artifacts/task6/autonight/20260430-002543-task6-codex-night/diffs/iter-009.patch,artifacts/task6/autonight/20260430-002543-task6-codex-night/status/iter-009.status.txt
10,2026-04-30T02:25:34+02:00,2026-04-30T02:31:34+02:00,0,exit,artifacts/task6/autonight/20260430-002543-task6-codex-night/logs/iter-010.log,artifacts/task6/autonight/20260430-002543-task6-codex-night/prompts/iter-010.md,artifacts/task6/autonight/20260430-002543-task6-codex-night/diffs/iter-010.patch,artifacts/task6/autonight/20260430-002543-task6-codex-night/status/iter-010.status.txt
11,2026-04-30T02:41:34+02:00,2026-04-30T02:47:05+02:00,0,exit,artifacts/task6/autonight/20260430-002543-task6-codex-night/logs/iter-011.log,artifacts/task6/autonight/20260430-002543-task6-codex-night/prompts/iter-011.md,artifacts/task6/autonight/20260430-002543-task6-codex-night/diffs/iter-011.patch,artifacts/task6/autonight/20260430-002543-task6-codex-night/status/iter-011.status.txt
12,2026-04-30T02:57:05+02:00,2026-04-30T03:02:35+02:00,0,exit,artifacts/task6/autonight/20260430-002543-task6-codex-night/logs/iter-012.log,artifacts/task6/autonight/20260430-002543-task6-codex-night/prompts/iter-012.md,artifacts/task6/autonight/20260430-002543-task6-codex-night/diffs/iter-012.patch,artifacts/task6/autonight/20260430-002543-task6-codex-night/status/iter-012.status.txt
13,2026-04-30T03:12:35+02:00,2026-04-30T03:17:35+02:00,0,exit,artifacts/task6/autonight/20260430-002543-task6-codex-night/logs/iter-013.log,artifacts/task6/autonight/20260430-002543-task6-codex-night/prompts/iter-013.md,artifacts/task6/autonight/20260430-002543-task6-codex-night/diffs/iter-013.patch,artifacts/task6/autonight/20260430-002543-task6-codex-night/status/iter-013.status.txt
14,2026-04-30T03:27:35+02:00,2026-04-30T03:32:05+02:00,0,exit,artifacts/task6/autonight/20260430-002543-task6-codex-night/logs/iter-014.log,artifacts/task6/autonight/20260430-002543-task6-codex-night/prompts/iter-014.md,artifacts/task6/autonight/20260430-002543-task6-codex-night/diffs/iter-014.patch,artifacts/task6/autonight/20260430-002543-task6-codex-night/status/iter-014.status.txt
15,2026-04-30T03:42:05+02:00,2026-04-30T03:47:05+02:00,0,exit,artifacts/task6/autonight/20260430-002543-task6-codex-night/logs/iter-015.log,artifacts/task6/autonight/20260430-002543-task6-codex-night/prompts/iter-015.md,artifacts/task6/autonight/20260430-002543-task6-codex-night/diffs/iter-015.patch,artifacts/task6/autonight/20260430-002543-task6-codex-night/status/iter-015.status.txt
16,2026-04-30T03:57:05+02:00,2026-04-30T04:01:35+02:00,0,exit,artifacts/task6/autonight/20260430-002543-task6-codex-night/logs/iter-016.log,artifacts/task6/autonight/20260430-002543-task6-codex-night/prompts/iter-016.md,artifacts/task6/autonight/20260430-002543-task6-codex-night/diffs/iter-016.patch,artifacts/task6/autonight/20260430-002543-task6-codex-night/status/iter-016.status.txt
17,2026-04-30T04:11:35+02:00,2026-04-30T04:17:05+02:00,0,exit,artifacts/task6/autonight/20260430-002543-task6-codex-night/logs/iter-017.log,artifacts/task6/autonight/20260430-002543-task6-codex-night/prompts/iter-017.md,artifacts/task6/autonight/20260430-002543-task6-codex-night/diffs/iter-017.patch,artifacts/task6/autonight/20260430-002543-task6-codex-night/status/iter-017.status.txt
18,2026-04-30T04:27:05+02:00,2026-04-30T04:31:05+02:00,0,exit,artifacts/task6/autonight/20260430-002543-task6-codex-night/logs/iter-018.log,artifacts/task6/autonight/20260430-002543-task6-codex-night/prompts/iter-018.md,artifacts/task6/autonight/20260430-002543-task6-codex-night/diffs/iter-018.patch,artifacts/task6/autonight/20260430-002543-task6-codex-night/status/iter-018.status.txt
19,2026-04-30T04:41:05+02:00,2026-04-30T04:46:06+02:00,0,exit,artifacts/task6/autonight/20260430-002543-task6-codex-night/logs/iter-019.log,artifacts/task6/autonight/20260430-002543-task6-codex-night/prompts/iter-019.md,artifacts/task6/autonight/20260430-002543-task6-codex-night/diffs/iter-019.patch,artifacts/task6/autonight/20260430-002543-task6-codex-night/status/iter-019.status.txt
20,2026-04-30T04:56:06+02:00,2026-04-30T05:03:06+02:00,0,exit,artifacts/task6/autonight/20260430-002543-task6-codex-night/logs/iter-020.log,artifacts/task6/autonight/20260430-002543-task6-codex-night/prompts/iter-020.md,artifacts/task6/autonight/20260430-002543-task6-codex-night/diffs/iter-020.patch,artifacts/task6/autonight/20260430-002543-task6-codex-night/status/iter-020.status.txt
21,2026-04-30T05:13:06+02:00,2026-04-30T05:16:36+02:00,0,exit,artifacts/task6/autonight/20260430-002543-task6-codex-night/logs/iter-021.log,artifacts/task6/autonight/20260430-002543-task6-codex-night/prompts/iter-021.md,artifacts/task6/autonight/20260430-002543-task6-codex-night/diffs/iter-021.patch,artifacts/task6/autonight/20260430-002543-task6-codex-night/status/iter-021.status.txt
22,2026-04-30T05:26:36+02:00,2026-04-30T05:28:06+02:00,0,exit,artifacts/task6/autonight/20260430-002543-task6-codex-night/logs/iter-022.log,artifacts/task6/autonight/20260430-002543-task6-codex-night/prompts/iter-022.md,artifacts/task6/autonight/20260430-002543-task6-codex-night/diffs/iter-022.patch,artifacts/task6/autonight/20260430-002543-task6-codex-night/status/iter-022.status.txt
23,2026-04-30T05:28:26+02:00,2026-04-30T05:32:56+02:00,0,exit,artifacts/task6/autonight/20260430-002543-task6-codex-night/logs/iter-023.log,artifacts/task6/autonight/20260430-002543-task6-codex-night/prompts/iter-023.md,artifacts/task6/autonight/20260430-002543-task6-codex-night/diffs/iter-023.patch,artifacts/task6/autonight/20260430-002543-task6-codex-night/status/iter-023.status.txt
24,2026-04-30T05:42:56+02:00,2026-04-30T05:47:56+02:00,0,exit,artifacts/task6/autonight/20260430-002543-task6-codex-night/logs/iter-024.log,artifacts/task6/autonight/20260430-002543-task6-codex-night/prompts/iter-024.md,artifacts/task6/autonight/20260430-002543-task6-codex-night/diffs/iter-024.patch,artifacts/task6/autonight/20260430-002543-task6-codex-night/status/iter-024.status.txt
25,2026-04-30T05:57:56+02:00,2026-04-30T06:02:56+02:00,0,exit,artifacts/task6/autonight/20260430-002543-task6-codex-night/logs/iter-025.log,artifacts/task6/autonight/20260430-002543-task6-codex-night/prompts/iter-025.md,artifacts/task6/autonight/20260430-002543-task6-codex-night/diffs/iter-025.patch,artifacts/task6/autonight/20260430-002543-task6-codex-night/status/iter-025.status.txt
26,2026-04-30T06:12:56+02:00,2026-04-30T06:17:56+02:00,0,exit,artifacts/task6/autonight/20260430-002543-task6-codex-night/logs/iter-026.log,artifacts/task6/autonight/20260430-002543-task6-codex-night/prompts/iter-026.md,artifacts/task6/autonight/20260430-002543-task6-codex-night/diffs/iter-026.patch,artifacts/task6/autonight/20260430-002543-task6-codex-night/status/iter-026.status.txt
27,2026-04-30T06:27:56+02:00,2026-04-30T06:31:57+02:00,0,exit,artifacts/task6/autonight/20260430-002543-task6-codex-night/logs/iter-027.log,artifacts/task6/autonight/20260430-002543-task6-codex-night/prompts/iter-027.md,artifacts/task6/autonight/20260430-002543-task6-codex-night/diffs/iter-027.patch,artifacts/task6/autonight/20260430-002543-task6-codex-night/status/iter-027.status.txt
28,2026-04-30T06:41:57+02:00,2026-04-30T06:48:27+02:00,0,exit,artifacts/task6/autonight/20260430-002543-task6-codex-night/logs/iter-028.log,artifacts/task6/autonight/20260430-002543-task6-codex-night/prompts/iter-028.md,artifacts/task6/autonight/20260430-002543-task6-codex-night/diffs/iter-028.patch,artifacts/task6/autonight/20260430-002543-task6-codex-night/status/iter-028.status.txt
29,2026-04-30T06:58:27+02:00,2026-04-30T07:01:57+02:00,0,exit,artifacts/task6/autonight/20260430-002543-task6-codex-night/logs/iter-029.log,artifacts/task6/autonight/20260430-002543-task6-codex-night/prompts/iter-029.md,artifacts/task6/autonight/20260430-002543-task6-codex-night/diffs/iter-029.patch,artifacts/task6/autonight/20260430-002543-task6-codex-night/status/iter-029.status.txt
30,2026-04-30T07:11:57+02:00,2026-04-30T07:15:57+02:00,0,exit,artifacts/task6/autonight/20260430-002543-task6-codex-night/logs/iter-030.log,artifacts/task6/autonight/20260430-002543-task6-codex-night/prompts/iter-030.md,artifacts/task6/autonight/20260430-002543-task6-codex-night/diffs/iter-030.patch,artifacts/task6/autonight/20260430-002543-task6-codex-night/status/iter-030.status.txt
31,2026-04-30T07:25:57+02:00,2026-04-30T07:27:27+02:00,0,exit,artifacts/task6/autonight/20260430-002543-task6-codex-night/logs/iter-031.log,artifacts/task6/autonight/20260430-002543-task6-codex-night/prompts/iter-031.md,artifacts/task6/autonight/20260430-002543-task6-codex-night/diffs/iter-031.patch,artifacts/task6/autonight/20260430-002543-task6-codex-night/status/iter-031.status.txt
32,2026-04-30T07:27:47+02:00,2026-04-30T07:32:17+02:00,0,exit,artifacts/task6/autonight/20260430-002543-task6-codex-night/logs/iter-032.log,artifacts/task6/autonight/20260430-002543-task6-codex-night/prompts/iter-032.md,artifacts/task6/autonight/20260430-002543-task6-codex-night/diffs/iter-032.patch,artifacts/task6/autonight/20260430-002543-task6-codex-night/status/iter-032.status.txt
33,2026-04-30T07:42:17+02:00,2026-04-30T07:45:47+02:00,0,exit,artifacts/task6/autonight/20260430-002543-task6-codex-night/logs/iter-033.log,artifacts/task6/autonight/20260430-002543-task6-codex-night/prompts/iter-033.md,artifacts/task6/autonight/20260430-002543-task6-codex-night/diffs/iter-033.patch,artifacts/task6/autonight/20260430-002543-task6-codex-night/status/iter-033.status.txt
34,2026-04-30T07:55:47+02:00,2026-04-30T07:59:47+02:00,0,exit,artifacts/task6/autonight/20260430-002543-task6-codex-night/logs/iter-034.log,artifacts/task6/autonight/20260430-002543-task6-codex-night/prompts/iter-034.md,artifacts/task6/autonight/20260430-002543-task6-codex-night/diffs/iter-034.patch,artifacts/task6/autonight/20260430-002543-task6-codex-night/status/iter-034.status.txt
35,2026-04-30T08:09:47+02:00,2026-04-30T08:14:17+02:00,0,exit,artifacts/task6/autonight/20260430-002543-task6-codex-night/logs/iter-035.log,artifacts/task6/autonight/20260430-002543-task6-codex-night/prompts/iter-035.md,artifacts/task6/autonight/20260430-002543-task6-codex-night/diffs/iter-035.patch,artifacts/task6/autonight/20260430-002543-task6-codex-night/status/iter-035.status.txt
